id,city,state,established
1,Chicago,IL,Thu Apr 14 2022 05:30:00 GMT+0530 (India Standard Time)
2,Atlanta,GA,Thu Apr 14 2022 05:30:00 GMT+0530 (India Standard Time)
3,Detroit,MI,Thu Apr 14 2022 05:30:00 GMT+0530 (India Standard Time)
4,Philadelphia,PA,Wed Jul 01 2026 05:30:00 GMT+0530 (India Standard Time)
5,Houston,TX,Sun Jul 04 2027 05:30:00 GMT+0530 (India Standard Time)
6,Phoenix,AZ,Sun Jul 04 2027 05:30:00 GMT+0530 (India Standard Time)
7,Dallas,TX,Sun Jul 04 2027 05:30:00 GMT+0530 (India Standard Time)
8,Austin,TX,Sun Jul 04 2027 05:30:00 GMT+0530 (India Standard Time)
9,Boston,MA,Sun Jul 04 2027 05:30:00 GMT+0530 (India Standard Time)